[{"model": "admin.logentry", "pk": 1, "fields": {"action_time": "2022-10-12T13:43:07.371Z", "user": 1, "content_type": 10, "object_id": "1", "object_repr": "Техническое описание", "action_flag": 1, "change_message": "[{\"added\": {}}]"}}, {"model": "admin.logentry", "pk": 2, "fields": {"action_time": "2022-10-12T13:43:11.684Z", "user": 1, "content_type": 10, "object_id": "2", "object_repr": "Руководство по эксплуатации", "action_flag": 1, "change_message": "[{\"added\": {}}]"}}, {"model": "admin.logentry", "pk": 3, "fields": {"action_time": "2022-10-12T13:43:17.899Z", "user": 1, "content_type": 10, "object_id": "3", "object_repr": "Спецификация", "action_flag": 1, "change_message": "[{\"added\": {}}]"}}, {"model": "admin.logentry", "pk": 4, "fields": {"action_time": "2022-10-12T13:43:26.016Z", "user": 1, "content_type": 12, "object_id": "1", "object_repr": "OOO Romashka", "action_flag": 1, "change_message": "[{\"added\": {}}]"}}, {"model": "admin.logentry", "pk": 5, "fields": {"action_time": "2022-10-12T13:43:38.028Z", "user": 1, "content_type": 12, "object_id": "2", "object_repr": "ООО техстройспецремонт", "action_flag": 1, "change_message": "[{\"added\": {}}]"}}, {"model": "admin.logentry", "pk": 6, "fields": {"action_time": "2022-10-12T13:43:50.217Z", "user": 1, "content_type": 9, "object_id": "1", "object_repr": "Истринская", "action_flag": 1, "change_message": "[{\"added\": {}}]"}}, {"model": "admin.logentry", "pk": 7, "fields": {"action_time": "2022-10-12T13:43:53.505Z", "user": 1, "content_type": 9, "object_id": "2", "object_repr": "Бережковская д.20 стр 35", "action_flag": 1, "change_message": "[{\"added\": {}}]"}}, {"model": "admin.logentry", "pk": 8, "fields": {"action_time": "2022-10-12T13:43:57.148Z", "user": 1, "content_type": 9, "object_id": "3", "object_repr": "Бережковская д.20 стр 37", "action_flag": 1, "change_message": "[{\"added\": {}}]"}}, {"model": "admin.logentry", "pk": 9, "fields": {"action_time": "2022-10-13T06:08:57.343Z", "user": 1, "content_type": 8, "object_id": "1", "object_repr": "poposhka", "action_flag": 2, "change_message": "[{\"changed\": {\"fields\": [\"\\u0422\\u0435\\u043b\\u0435\\u0433\\u0440\\u0430\\u043c id\"]}}]"}}, {"model": "admin.logentry", "pk": 10, "fields": {"action_time": "2022-10-13T06:09:19.780Z", "user": 1, "content_type": 8, "object_id": "1", "object_repr": "poposhka", "action_flag": 2, "change_message": "[{\"changed\": {\"fields\": [\"\\u0422\\u0435\\u043b\\u0435\\u0433\\u0440\\u0430\\u043c id\"]}}]"}}, {"model": "admin.logentry", "pk": 11, "fields": {"action_time": "2022-10-13T06:27:22.880Z", "user": 1, "content_type": 13, "object_id": "1", "object_repr": "Арендодатель: ООО техстройспецремонт, арендатор: OOO Romashka.", "action_flag": 1, "change_message": "[{\"added\": {}}]"}}, {"model": "admin.logentry", "pk": 12, "fields": {"action_time": "2022-10-13T09:31:48.750Z", "user": 1, "content_type": 8, "object_id": "2", "object_repr": "kek", "action_flag": 1, "change_message": "[{\"added\": {}}]"}}, {"model": "admin.logentry", "pk": 13, "fields": {"action_time": "2022-10-13T09:32:09.998Z", "user": 1, "content_type": 8, "object_id": "2", "object_repr": "kek", "action_flag": 2, "change_message": "[{\"changed\": {\"fields\": [\"\\u0418\\u043c\\u044f\", \"\\u0424\\u0430\\u043c\\u0438\\u043b\\u0438\\u044f\", \"\\u041f\\u043e\\u0447\\u0442\\u0430\", \"\\u0422\\u0435\\u043b\\u0435\\u0433\\u0440\\u0430\\u043c id\"]}}]"}}, {"model": "admin.logentry", "pk": 14, "fields": {"action_time": "2022-10-14T06:40:25.251Z", "user": 1, "content_type": 11, "object_id": "8", "object_repr": "Name", "action_flag": 3, "change_message": ""}}, {"model": "admin.logentry", "pk": 15, "fields": {"action_time": "2022-10-14T06:40:25.259Z", "user": 1, "content_type": 11, "object_id": "7", "object_repr": "Name", "action_flag": 3, "change_message": ""}}, {"model": "admin.logentry", "pk": 16, "fields": {"action_time": "2022-10-14T06:40:25.265Z", "user": 1, "content_type": 11, "object_id": "6", "object_repr": "Name", "action_flag": 3, "change_message": ""}}, {"model": "admin.logentry", "pk": 17, "fields": {"action_time": "2022-10-14T06:40:25.270Z", "user": 1, "content_type": 11, "object_id": "5", "object_repr": "Name", "action_flag": 3, "change_message": ""}}, {"model": "admin.logentry", "pk": 18, "fields": {"action_time": "2022-10-14T06:40:25.277Z", "user": 1, "content_type": 11, "object_id": "4", "object_repr": "Name", "action_flag": 3, "change_message": ""}}, {"model": "admin.logentry", "pk": 19, "fields": {"action_time": "2022-10-14T06:40:25.283Z", "user": 1, "content_type": 11, "object_id": "3", "object_repr": "Name", "action_flag": 3, "change_message": ""}}, {"model": "admin.logentry", "pk": 20, "fields": {"action_time": "2022-10-14T06:40:25.289Z", "user": 1, "content_type": 11, "object_id": "2", "object_repr": "Name", "action_flag": 3, "change_message": ""}}, {"model": "admin.logentry", "pk": 21, "fields": {"action_time": "2022-10-14T06:40:25.296Z", "user": 1, "content_type": 11, "object_id": "1", "object_repr": "Name", "action_flag": 3, "change_message": ""}}, {"model": "sessions.session", "pk": "kyj60hp8vp8oqa67h8fp1bwd5tasqqpm", "fields": {"session_data": ".eJxVjDsOwjAQBe_iGln-xJ9Q0ucM1nrXxgHkSHFSIe6OI6WAdmbee7MA-1bC3tIaZmJXJtnll0XAZ6qHoAfU-8Jxqds6R34k_LSNTwul1-1s_w4KtNLXmZQzMonBaxB6GIW2HRiyKlk0TkX0VmWf0SEYb3uasiDpDWmpxqzY5wu-Szcc:1oic0a:LGKXcJqL5-OOUTh3YpowwALfiBgiKGnfT4RH3pvlSEk", "expire_date": "2022-10-26T13:42:52.234Z"}}, {"model": "sessions.session", "pk": "wrv30idfx80x8plsb9xwfis45qkq3gl7", "fields": {"session_data": ".eJxVjDsOwjAQBe_iGln-xJ9Q0ucM1nrXxgHkSHFSIe6OI6WAdmbee7MA-1bC3tIaZmJXJtnll0XAZ6qHoAfU-8Jxqds6R34k_LSNTwul1-1s_w4KtNLXmZQzMonBaxB6GIW2HRiyKlk0TkX0VmWf0SEYb3uasiDpDWmpxqzY5wu-Szcc:1oiyUq:RVe5WYn7D3fsdbQMaTqJf3JfncqMj6G0OCLW9tAyYs0", "expire_date": "2022-10-27T13:43:36.598Z"}}, {"model": "authtoken.token", "pk": "7bbdcf3b941aa822aa880098ac6452eb3e440b53", "fields": {"user": 1, "created": "2022-10-11T13:48:49.916Z"}}, {"model": "equipments.user", "pk": 1, "fields": {"password": "pbkdf2_sha256$260000$bpYUMtXQl2q7jrT28qeEtv$Zcun0z5XVFuxyVj+JWqRUZ2vtEYnQYMcOwpIyFBkxFc=", "last_login": "2022-10-13T13:43:36.569Z", "is_superuser": true, "is_staff": true, "is_active": true, "date_joined": "2022-10-11T13:48:12Z", "username": "poposhka", "first_name": "po", "last_name": "poshka", "email": "popo@ya.ru", "telegram_id": 1, "groups": [], "user_permissions": []}}, {"model": "equipments.user", "pk": 2, "fields": {"password": "pbkdf2_sha256$260000$9siS0KzvBRippNqlPwI4Lx$hPL/oDSkp1GbB3hLfXrLYPi0i2lkLky0vKPl8HDmR/0=", "last_login": null, "is_superuser": false, "is_staff": false, "is_active": true, "date_joined": "2022-10-13T09:31:48Z", "username": "kek", "first_name": "Иван", "last_name": "Иванов", "email": "mono-gluk@ya.ru", "telegram_id": 2, "groups": [], "user_permissions": []}}, {"model": "equipments.document", "pk": 1, "fields": {"name": "Техническое описание"}}, {"model": "equipments.document", "pk": 2, "fields": {"name": "Руководство по эксплуатации"}}, {"model": "equipments.document", "pk": 3, "fields": {"name": "Спецификация"}}, {"model": "equipments.document", "pk": 4, "fields": {"name": "Новый документ"}}, {"model": "equipments.equipment", "pk": 9, "fields": {"inventory": "12", "name": "Вилка", "serial_number": "74263", "model": "634645", "manufacturer": "Тойота", "nomenclature_key": 88005553535, "document_path": "C:/", "creator": 1, "documents": [2]}}, {"model": "equipments.equipment", "pk": 10, "fields": {"inventory": "14", "name": "Name", "serial_number": "7694", "model": "7890", "manufacturer": "Manufacturer5", "nomenclature_key": 88005553535, "document_path": "C:/", "creator": 1, "documents": [3]}}, {"model": "equipments.equipment", "pk": 11, "fields": {"inventory": "15", "name": "Name", "serial_number": "21", "model": "45r", "manufacturer": "Manufacturer", "nomenclature_key": 8800555333, "document_path": "C:/", "creator": 1, "documents": [2, 1]}}, {"model": "equipments.equipment", "pk": 12, "fields": {"inventory": "113", "name": "Рулетка", "serial_number": "0011", "model": "рр44", "manufacturer": "РусРулет", "nomenclature_key": 475686484, "document_path": "C:/", "creator": 1, "documents": [4, 2, 1]}}, {"model": "equipments.equipment", "pk": 13, "fields": {"inventory": "35", "name": "Линейка", "serial_number": "415", "model": "ghfg", "manufacturer": "рослин", "nomenclature_key": 8800445544, "document_path": "X:/de/tert/", "creator": 1, "documents": [1]}}, {"model": "equipments.organization", "pk": 1, "fields": {"name": "OOO Romashka"}}, {"model": "equipments.organization", "pk": 2, "fields": {"name": "ООО техстройспецремонт"}}, {"model": "equipments.rent", "pk": 1, "fields": {"owner": 2, "renter": 1, "date": "2022-09-01", "equipment": 11, "creator": 1}}, {"model": "equipments.rent", "pk": 2, "fields": {"owner": 2, "renter": 2, "date": "2022-09-05", "equipment": 12, "creator": 1}}, {"model": "equipments.rent", "pk": 3, "fields": {"owner": 1, "renter": 2, "date": "2022-09-05", "equipment": 10, "creator": 1}}, {"model": "equipments.rent", "pk": 4, "fields": {"owner": 2, "renter": 1, "date": "2022-09-01", "equipment": 9, "creator": 1}}, {"model": "equipments.rent", "pk": 5, "fields": {"owner": 1, "renter": 2, "date": "2022-09-05", "equipment": 12, "creator": 1}}, {"model": "equipments.rent", "pk": 6, "fields": {"owner": 2, "renter": 1, "date": "2021-12-30", "equipment": 12, "creator": 1}}, {"model": "equipments.rent", "pk": 7, "fields": {"owner": 1, "renter": 2, "date": "2022-09-01", "equipment": 12, "creator": 1}}, {"model": "equipments.rent", "pk": 8, "fields": {"owner": 2, "renter": 1, "date": "2022-09-04", "equipment": 11, "creator": 1}}, {"model": "equipments.rent", "pk": 9, "fields": {"owner": 2, "renter": 1, "date": "2022-09-05", "equipment": 13, "creator": 1}}, {"model": "equipments.attestation", "pk": 1, "fields": {"name": "Certification1", "date": "2022-09-05", "validity_period": "2022-09-27", "equipment": 11, "creator": 1}}, {"model": "equipments.attestation", "pk": 2, "fields": {"name": "Аттестат 2", "date": "2022-09-05", "validity_period": "2022-09-01", "equipment": 12, "creator": 1}}, {"model": "equipments.attestation", "pk": 3, "fields": {"name": "OOO Romashka", "date": "2022-09-05", "validity_period": "2022-09-01", "equipment": 10, "creator": 1}}, {"model": "equipments.attestation", "pk": 4, "fields": {"name": "group1", "date": "2022-09-01", "validity_period": "2022-09-01", "equipment": 9, "creator": 1}}, {"model": "equipments.attestation", "pk": 5, "fields": {"name": "Рулетка", "date": "2022-09-01", "validity_period": "2022-08-31", "equipment": 9, "creator": 1}}, {"model": "equipments.attestation", "pk": 6, "fields": {"name": "Рулетка 20 м", "date": "2021-01-01", "validity_period": "2022-08-31", "equipment": 9, "creator": 1}}, {"model": "equipments.attestation", "pk": 7, "fields": {"name": "Калибровка 2", "date": "2022-08-09", "validity_period": "2022-09-01", "equipment": 9, "creator": 1}}, {"model": "equipments.attestation", "pk": 8, "fields": {"name": "group1", "date": "2022-09-05", "validity_period": "2022-09-01", "equipment": 13, "creator": 1}}, {"model": "equipments.calibration", "pk": 1, "fields": {"name": "group1", "date": "2022-09-01", "validity_period": "2022-09-27", "equipment": 12, "creator": 1}}, {"model": "equipments.calibration", "pk": 2, "fields": {"name": "OOO Romashka", "date": "2022-09-05", "validity_period": "2022-09-27", "equipment": 10, "creator": 1}}, {"model": "equipments.calibration", "pk": 3, "fields": {"name": "OOO Romashka", "date": "2021-12-30", "validity_period": "2022-09-27", "equipment": 9, "creator": 1}}, {"model": "equipments.calibration", "pk": 4, "fields": {"name": "OOO Romashka", "date": "2021-12-30", "validity_period": "2022-08-31", "equipment": 11, "creator": 1}}, {"model": "equipments.calibration", "pk": 5, "fields": {"name": "Калибровка", "date": "2022-09-05", "validity_period": "2022-09-27", "equipment": 11, "creator": 1}}, {"model": "equipments.calibration", "pk": 6, "fields": {"name": "Калибровка 25", "date": "2022-09-01", "validity_period": "2022-09-01", "equipment": 11, "creator": 1}}, {"model": "equipments.calibration", "pk": 7, "fields": {"name": "Калибровка 8899", "date": "2021-01-01", "validity_period": "2022-09-27", "equipment": 11, "creator": 1}}, {"model": "equipments.calibration", "pk": 8, "fields": {"name": "Калибровка старая", "date": "2022-08-09", "validity_period": "2022-09-17", "equipment": 11, "creator": 1}}, {"model": "equipments.calibration", "pk": 9, "fields": {"name": "Калибровка 2", "date": "2021-01-01", "validity_period": "2022-08-31", "equipment": 13, "creator": 1}}, {"model": "equipments.destination", "pk": 1, "fields": {"address": "Истринская"}}, {"model": "equipments.destination", "pk": 2, "fields": {"address": "Бережковская д.20 стр 35"}}, {"model": "equipments.destination", "pk": 3, "fields": {"address": "Бережковская д.20 стр 37"}}, {"model": "equipments.movement", "pk": 1, "fields": {"date": "2022-09-05", "destination": 2, "equipment": 12, "creator": 1}}, {"model": "equipments.movement", "pk": 2, "fields": {"date": "2022-09-05", "destination": 3, "equipment": 10, "creator": 1}}, {"model": "equipments.movement", "pk": 3, "fields": {"date": "2022-09-05", "destination": 1, "equipment": 9, "creator": 1}}, {"model": "equipments.movement", "pk": 4, "fields": {"date": "2022-08-09", "destination": 2, "equipment": 11, "creator": 1}}, {"model": "equipments.movement", "pk": 5, "fields": {"date": "2021-01-01", "destination": 3, "equipment": 11, "creator": 1}}, {"model": "equipments.movement", "pk": 6, "fields": {"date": "2022-09-04", "destination": 2, "equipment": 11, "creator": 1}}, {"model": "equipments.movement", "pk": 7, "fields": {"date": "2022-09-01", "destination": 1, "equipment": 13, "creator": 1}}]